id,cdna_pos,cdna_change,exon,ref_base,alt_base,variant_type,legacy_exon6_pos,legacy_exon7_pos,ng006669_2_pos,amplicon_pos,category,call_rule,ref_call_label,alt_call_label,ref_threshold_pct,alt_threshold_pct,het_band_pct,variant_threshold_pct,min_reads,associated_alleles,interpretation_ref,interpretation_alt,notes,source,is_structural
o1_marker,261,c.261delG,Exon 6,REF,del,deletion,22,,22694,22694,primary,primary_biallelic,A or B or O,O1,80.0,80.0,20.0,,,ABO*O.01.*,G nucleotide: A or B blood type.,Deletion: O blood type (O1).,Primary O1 null-allele marker.,legacy_v1.2.0,0
a2_marker_266,266,c.266C>T,Exon 6,C,T,snp,27,,22699,22699,a2_panel,named_marker,,variant,70.0,25.0,,25.0,,ABO*A2.11,C nucleotide: reference (A1/O).,T nucleotide: A2 haplotype marker (c.266C>T).,A2 discriminator panel.,legacy_v1.2.0,0
a2_marker_268,268,c.268T>C,Exon 6,T,C,snp,29,,22701,22701,a2_panel,named_marker,,variant,70.0,25.0,,25.0,,ABO*A2.10,T nucleotide: reference (A1/O).,C nucleotide: A2 haplotype marker (c.268T>C).,A2 discriminator panel.,legacy_v1.2.0,0
a2_marker_297_a201,297,c.297A>G,Exon 6,A,G,snp,58,,22730,22730,a2_panel,named_marker,,variant,70.0,25.0,,25.0,,ABO*A2.01;ABO*A2.04;ABO*B.*;ABO*O.01.05;ABO*O.02.*,A nucleotide: reference (A1/O).,G nucleotide: A2.01 subtype marker / B-lineage backbone SNP (c.297A>G).,"Dual-purpose: A2.01 discriminator AND part of the shared B-lineage 7-SNP backbone (present in essentially all B/B3/Bweak/Bel/cisAB/BA alleles). Do not use in isolation to call Bw subtype.
",legacy_v1.2.0,0
b_vs_ao_796,796,c.796C>A,Exon 7,C,A,snp,,422,24281,24281,primary,primary_biallelic,A or O,B,80.0,80.0,20.0,,,ABO*B.*;ABO*A.*;ABO*O.*,C nucleotide: A or O blood type.,A nucleotide: B blood type.,Primary A/O vs B discriminator #1.,legacy_v1.2.0,0
o2_marker_802,802,c.802G>A,Exon 7,G,A,snp,,428,24287,24287,primary,primary_biallelic,A or B or O,O2,70.0,70.0,20.0,,,ABO*O.02.*,G nucleotide: A or B or O blood type.,A nucleotide: O blood type (O2).,Primary O2 null-allele marker.,legacy_v1.2.0,0
ao_vs_b_803,803,c.803G>C,Exon 7,G,C,snp,,429,24288,24288,primary,primary_biallelic,A or O,B,80.0,80.0,20.0,,,ABO*B.*;ABO*A.*;ABO*O.*,G nucleotide: A or O blood type.,C nucleotide: B blood type.,Primary A/O vs B discriminator #2.,legacy_v1.2.0,0
o34_homopolymer_804,804,"c.804 region (homopolymer, legacy O3/O4 marker)",Exon 7,REF,ALT,snp_or_indel,,431,24290,24290,primary,primary_biallelic,A or B or O,O3,80.0,80.0,20.0,,,"legacy nomenclature, verify against current ISBT (c.804dupG/delG define Ael.01/03/08 and O.03)",T nucleotide: A or B or O blood type.,"G/A nucleotide: O blood type (O3/O4, legacy naming).","CAUTION: sits in/near a G-homopolymer run associated with c.804dupG/delG (Ael, O.03). ONT reads are error-prone at homopolymers — validate this call against Bw/BwSubtype flags and raw indel percentages before reporting. Flagged for empirical review during v2 validation rather than asserted at face value.
",legacy_v1.2.0,0
a1_a2_467,467,c.467C>T,Exon 7,C,T,snp,,93,23952,23952,primary,primary_biallelic,A1,A1.02 or A2,80.0,80.0,60.0,,,ABO*A1.02;ABO*A2.*,C nucleotide: A1 subtype.,T nucleotide: A1.02 or A2 subtype.,Primary A1 vs A2-lineage discriminator.,legacy_v1.2.0,0
a1_a2_1061del,1061,c.1061delC,Exon 7,C,del,deletion,,685,24544,24544,primary,primary_biallelic,A1,A2,80.0,80.0,60.0,,,ABO*A2.01;ABO*A2.06;ABO*A2.09;ABO*A2.12;ABO*A2.16,C nucleotide: A1 subtype.,Deletion: A2.,Primary A2.01-defining indel.,legacy_v1.2.0,0
a2p_407,407,c.407C>T,Exon 7,C,T,snp,,33,23892,23892,a2_panel,named_marker,,variant,,,,25.0,,ABO*A2.17,C nucleotide: reference.,Variant: A2 diagnostic position (c.407).,,legacy_v1.2.0,0
a2p_526,526,c.526C>G,Exon 7,C,G,snp,,152,24011,24011,a2_panel,named_marker,,variant,,,,25.0,,ABO*A2.04;ABO*B.*,C nucleotide: reference.,Variant: A2 diagnostic position (c.526); also B-lineage backbone.,,legacy_v1.2.0,0
a2p_527,527,c.527G>A,Exon 7,G,A,snp,,153,24012,24012,a2_panel,named_marker,,variant,,,,25.0,,ABO*A2.09;ABO*A2.12,G nucleotide: reference.,Variant: A2 diagnostic position (c.527).,,legacy_v1.2.0,0
a2p_539,539,c.539G>C,Exon 7,G,C,snp,,165,24024,24024,a2_panel,named_marker,,variant,,,,25.0,,ABO*A2.07;ABO*A2.08,G nucleotide: reference.,Variant: A2 diagnostic position (c.539).,,legacy_v1.2.0,0
a2p_657,657,c.657C>T,Exon 7,C,T,snp,,283,24142,24142,a2_panel,named_marker,,variant,,,,25.0,,ABO*A2.04;ABO*B.*,C nucleotide: reference.,Variant: A2 diagnostic position (c.657); also B-lineage backbone SNP (present in nearly all B/Bw/Bel/cisAB/BA alleles — do not use alone to call Bw.06).,,legacy_v1.2.0,0
a2p_703,703,c.703G>A,Exon 7,G,A,snp,,329,24188,24188,a2_panel,named_marker,,variant,,,,25.0,,ABO*A2.04;ABO*B.*,G nucleotide: reference.,Variant: A2 diagnostic position (c.703); also B-lineage backbone.,,legacy_v1.2.0,0
a2p_722,722,c.722G>A,Exon 7,G,A,snp,,348,24207,24207,a2_panel,named_marker,,variant,,,,25.0,,ABO*A2.18;ABO*BA.04(via linked haplotype),G nucleotide: reference.,Variant: A2 diagnostic position (c.722).,,legacy_v1.2.0,0
a2p_742,742,c.742C>T,Exon 7,C,T,snp,,368,24227,24227,a2_panel,named_marker,,variant,,,,25.0,,"ABO*A2.13;ABO*A3.07(distinct allele, verify)",C nucleotide: reference.,Variant: A2 diagnostic position (c.742).,,legacy_v1.2.0,0
a2p_771,771,c.771C>T,Exon 7,C,T,snp,,397,24256,24256,a2_panel,named_marker,,variant,,,,25.0,,part of 646/681/771/829 cassette (see cassette_646_681 below),C nucleotide: reference.,Variant: A2 diagnostic position (c.771).,,legacy_v1.2.0,0
a2p_778,778,c.778G>A,Exon 7,G,A,snp,,404,24263,24263,a2_panel,named_marker,,variant,,,,25.0,,ABO*A2.19,G nucleotide: reference.,Variant: A2 diagnostic position (c.778).,,legacy_v1.2.0,0
a2p_829,829,c.829G>A,Exon 7,G,A,snp,,455,24314,24314,a2_panel,named_marker,,variant,,,,25.0,,ABO*A2.20; part of 646/681/771/829 cassette,G nucleotide: reference.,Variant: A2 diagnostic position (c.829).,,legacy_v1.2.0,0
a2p_907_a206,907,c.907G>A,Exon 7,G,A,snp,,533,24392,24392,a2,named_marker,,A2.06,,,,25.0,,ABO*A2.06,G nucleotide: reference.,A nucleotide: A2.06 subtype marker (c.907G>A).,,legacy_v1.2.0,0
a2p_1009,1009,c.1009A>G,Exon 7,A,G,snp,,635,24494,24494,a2_panel,named_marker,,variant,,,,25.0,,ABO*A2.05,A nucleotide: reference.,Variant: A2 diagnostic position (c.1009).,,legacy_v1.2.0,0
a2p_1032_a201,1032,c.1032G>A,Exon 7,G,A,snp,,658,24517,24517,a2,named_marker,,A2.01,,,,25.0,,ABO*A2.01,G nucleotide: reference.,A nucleotide: A2.01 subtype marker (c.1032G>A).,,legacy_v1.2.0,0
a2p_1054,1054,c.1054C>T,Exon 7,C,T,snp,,680,24539,24539,a2_panel,named_marker,,variant,,,,25.0,,"ABO*A2.02;ABO*AW.04(distinct, verify)",C nucleotide: reference.,Variant: A2 diagnostic position (c.1054); also Bw.04 marker on a B backbone.,,legacy_v1.2.0,0
cassette_646,646,c.646T>A,Exon 7,T,A,snp,,,24131,24131,onull,named_marker,,646/681/771/829 cassette,,,,15.0,30,ABO*O.01.06;O.01.07;O.01.11-13;O.01.31-36;O.01.39;O.01.40;O.01.44-46;O.01.58;O.01.67;O.01.68;O.01.75;ABO*AW.30.02;AW.31.01;AW.31.02-05;ABO*BEL.04;ABO*B3.02;ABO*BW.19;ABO*AEL.02;AEL.07,T nucleotide: reference.,"A nucleotide: shared null/weak/el cassette marker (c.646T>A) — combine with c.681, c.771, c.829 to resolve the O1v/Ael-like backbone.","HIGHEST PRIORITY ADDITION. Together with c.681 (also new here) and c.771/c.829 (already in panel), completes a 4-SNP cassette shared by ~30 ISBT alleles spanning O, Ael, Bel, Aweak, Ax and B3 groups. Currently entirely unscored — samples carrying it will silently fall through the primary decision tree as ""Unknown"".
",ISBT_v9,0
cassette_681,681,c.681G>A,Exon 7,G,A,snp,,,24166,24166,onull,named_marker,,646/681/771/829 cassette,,,,15.0,30,same cassette as c.646 (see cassette_646); 27 ISBT alleles,G nucleotide: reference.,A nucleotide: shared null/weak/el cassette marker (c.681G>A).,Second half of the highest-priority cassette addition (see cassette_646).,ISBT_v9,0
cisab_ba_700,700,c.700C>G / c.700C>T,Exon 7,C,G_or_T,snp,,,24185,24185,ba,named_marker,,B(A) vs cisAB discriminator,,,,15.0,30,ABO*BA.02 (c.700C>G); ABO*cisAB.03 (c.700C>T),C nucleotide: reference.,G: B(A).02; T: cisAB.03 — single SNP resolves B(A) vs cisAB on a B backbone.,"Critical for cisAB/B(A) forward-typing-discrepancy workups. Scan both alt bases separately (G and T give different subtypes) — see abo_panel.py scan_category_markers() multi-alt handling.
",ISBT_v9,0
ba_640,640,c.640A>G,Exon 7,A,G,snp,,,24125,24125,ba,named_marker,,BA.04,,,,15.0,30,ABO*BA.04,A nucleotide: reference.,G nucleotide: B(A).04 marker (c.640A>G).,,ISBT_v9,0
ba_bel_641,641,c.641T>C / c.641T>G,Exon 7,T,C_or_G,snp,,,24126,24126,ba,named_marker,,B(A) vs Bel discriminator,,,,15.0,30,ABO*BA.05 (c.641T>C); ABO*BEL.01 (c.641T>G),T nucleotide: reference.,C: B(A).05; G: Bel.01.,,ISBT_v9,0
ael_804_indel,804,c.804dupG / c.804delG,Exon 7,REF,dup_or_del,indel,,,24289,24289,ael,named_marker,,Ael/O.03,,,,15.0,30,ABO*AEL.01(dup);AEL.03(del);AEL.08(dup);ABO*O.03(dup),,"Homopolymer indel — dup gives Ael.01/AEL.08/O.03, del gives Ael.03. Ael is serologically silent/very weak A: transfusion-safety relevant.",Shares the homopolymer run flagged at o34_homopolymer_804 — cross-check both before reporting.,ISBT_v9,0
a3_bx_871,871,c.871G>A,Exon 7,G,A,snp,,,24356,24356,a3,named_marker,,A3.01/Bx,,,,15.0,30,ABO*A3.01;ABO*BW.01(Bx),,"A3/Bx marker — associated with mixed-field agglutination, a classic reason for molecular referral.",,ISBT_v9,0
aweak_bel_502,502,c.502C>G / c.502C>T,Exon 7,C,G_or_T,snp,,,23987,23987,aweak,named_marker,,Aweak.06/Bel.03,,,,15.0,30,ABO*AW.06(G);ABO*BEL.03(T),,,,ISBT_v9,0
aweak_bweak_523,523,c.523G>A,Exon 7,G,A,snp,,,24008,24008,aweak,named_marker,,Aweak.11/Bweak.14,,,,15.0,30,ABO*AW.11;ABO*BW.14,,,,ISBT_v9,0
aweak_bweak_556,556,c.556A>G,Exon 7,A,G,snp,,,24041,24041,aweak,named_marker,,Aweak.12/Bweak.10,,,,15.0,30,ABO*AW.12;ABO*BW.10,,,,ISBT_v9,0
aweak_ax_607,607,c.607G>A / c.607G>C,Exon 7,G,A_or_C,snp,,,24092,24092,aweak,named_marker,,Aweak.20/21/36,,,,15.0,30,ABO*AW.20;ABO*AW.21;ABO*AW.36,,,,ISBT_v9,0
multi_721,721,c.721C>T,Exon 7,C,T,snp,,,24206,24206,aweak,named_marker,,"Aweak.04/43,Ax.11,Bweak.03,O.01.07",,,,15.0,30,ABO*AW.04;AW.43;AW.11;ABO*BW.03;ABO*O.01.07,,,,ISBT_v9,0
bweak_o_743,743,c.743G>C,Exon 7,G,C,snp,,,24228,24228,bweak,named_marker,,Bweak.23/O.01.61,,,,15.0,30,ABO*BW.23;ABO*O.01.61,,,,ISBT_v9,0
aweak_bweak_784,784,c.784G>A,Exon 7,G,A,snp,,,24269,24269,aweak,named_marker,,Aweak.10/Bweak.17,,,,15.0,30,ABO*AW.10;ABO*BW.17,,,,ISBT_v9,0
ax_bweak_905,905,c.905A>G,Exon 7,A,G,snp,,,24390,24390,aweak,named_marker,,Ax.42/Bweak.27,,,,15.0,30,ABO*AW.42;ABO*BW.27,,,,ISBT_v9,0
ael_b3_425,425,c.425T>C,Exon 7,T,C,snp,,,23910,23910,ael,named_marker,,Ael.06/B3.05,,,,15.0,30,ABO*AEL.06;ABO*B3.05,,,,ISBT_v9,0
onull_106,106,c.106G>T,Exon 3,G,T,snp,,,18848,18848,onull,named_marker,,O-null/A2/Aweak backbone,,,,15.0,30,12 ISBT alleles incl. ABO*O.01.02/24/35/36/40/67/68/75/83,,,Requires combined exon2-7 amplicon.,ISBT_v9,0
onull_188,188,c.188G>A,Exon 4,G,A,snp,,,20381,20381,onull,named_marker,,O-null/A2/Aweak backbone,,,,15.0,30,"12 ISBT alleles, same cassette as c.106",,,Requires combined exon2-7 amplicon.,ISBT_v9,0
onull_189,189,c.189C>T,Exon 4,C,T,snp,,,20382,20382,onull,named_marker,,O-null/A2 backbone,,,,15.0,30,"9 ISBT alleles, same cassette as c.106/188",,,Requires combined exon2-7 amplicon.,ISBT_v9,0
onull_220,220,c.220C>T,Exon 5,C,T,snp,,,22099,22099,onull,named_marker,,O-null/Aweak backbone,,,,15.0,30,12 ISBT alleles incl. ABO*O.02.* series,,,Requires combined exon2-7 amplicon.,ISBT_v9,0
o02_53,53,c.53G>T,Exon 2,G,T,snp,,,18071,18071,onull,named_marker,,O.02 backbone,,,,15.0,30,ABO*O.02.01-04;ABO*BW.26,,,Requires combined exon2-7 amplicon.,ISBT_v9,0
o04_88,88,c.88dup,Exon 2,REF,dup,insertion,,,18106,18106,onull,named_marker,,O.04 subfamily,,,,15.0,30,ABO*O.04.01;O.04.02,,,Requires combined exon2-7 amplicon. Population-relevant O subtype.,ISBT_v9,0
aweak_intron6_374,374,c.374+4A>G / c.374+4A>T / c.374+5G>A,Intron 6,REF,ALT,snp,,,22811,22811,ael,named_marker,,Ael/Afinn/Aweak splice variant,,,,15.0,30,ABO*AEL.04;ABO*AW.44(Afinn);ABO*AW.15,,,Splice-site variant — causes unexpectedly weak/negative serology. Requires combined exon2-7 amplicon (intron 6 already within existing exon7 amplicon flank in some designs — verify coverage).,ISBT_v9,0
aweak_intron2_98,98,c.98+2T>C,Intron 2,REF,ALT,snp,,,18118,18118,aweak,named_marker,,Aweak.28,,,,15.0,30,ABO*AW.28,,,Splice-site variant. Requires combined exon2-7 amplicon.,ISBT_v9,0
b3_intron3_155,155,c.155+5G>A,Intron 3,REF,ALT,snp,,,18902,18902,b3,named_marker,,B3.03,,,,15.0,30,ABO*B3.03,,,Splice-site variant. Requires combined exon2-7 amplicon.,ISBT_v9,0
abantu_intron4_203,203,c.203+1delG,Intron 4,REF,del,deletion,,,20397,20397,aweak,named_marker,,Abantu/Aweak.45,,,,15.0,30,ABO*AW.45,,,Splice-site variant. Requires combined exon2-7 amplicon.,ISBT_v9,0
o16_large_deletion,,c.204-98_*3252del,Intron 4 - Exon 7 (spans 3' UTR),,,,,,,,,,,,,,,,,ABO*O.16,,,"A ~3.15 kb deletion spanning intron 4 through the 3' UTR. Should be directly visible as a large gap/soft-clip in a single ONT read spanning the combined 6.7 kb amplicon, PROVIDED the Wu 3'UTR reverse primer sits downstream of cDNA position *3252. Recommend validating with a known ABO*O.16 reference sample once available; until then this allele will silently type as apparent homozygosity for whatever remains on the other allele (a false-homozygote risk worth flagging in your validation plan).
",ISBT_v9,1
exon1_start_codon_variants,,"c.1A>G, c.2T>C",Exon 1,,,,,,,,,,,,,,,,,ABO*AW.13;ABO*AW.16,,,"TRUE ASSAY GAP: exon 1 sits upstream of the Goebel intron-1 forward primer and is not expected to be captured by the combined exon2-7 amplicon. Confirm the exact primer coordinate before ruling this out entirely; if genuinely outside the amplicon, capturing these two start-codon variants requires a new forward primer further upstream (exon 1 / promoter region), not a software change.
",ISBT_v9,1
